imageFileName,subset,imageStem
1017.jpg,test,1017
1029.jpg,test,1029
103.jpg,test,103
1030.jpg,test,1030
1031.jpg,test,1031
1034.jpg,test,1034
1040.jpg,test,1040
1044.jpg,test,1044
1045.jpg,test,1045
1055.jpg,test,1055
1058.jpg,test,1058
112.jpg,test,112
13.jpg,test,13
141.jpg,test,141
142.jpg,test,142
146.jpg,test,146
156.jpg,test,156
161.jpg,test,161
163.jpg,test,163
166.jpg,test,166
167.jpg,test,167
175.jpg,test,175
178.jpg,test,178
189.jpg,test,189
191.jpg,test,191
196.jpg,test,196
198.jpg,test,198
209.jpg,test,209
214.jpg,test,214
216.jpg,test,216
217.jpg,test,217
224.jpg,test,224
228.jpg,test,228
233.jpg,test,233
234.jpg,test,234
238.jpg,test,238
250.jpg,test,250
252.jpg,test,252
255.jpg,test,255
257.jpg,test,257
269.jpg,test,269
271.jpg,test,271
273.jpg,test,273
274.jpg,test,274
276.jpg,test,276
284.jpg,test,284
285.jpg,test,285
296.jpg,test,296
318.jpg,test,318
32.jpg,test,32
322.jpg,test,322
323.jpg,test,323
326.jpg,test,326
332.jpg,test,332
363.jpg,test,363
370.jpg,test,370
373.jpg,test,373
379.jpg,test,379
388.jpg,test,388
389.jpg,test,389
390.jpg,test,390
394.jpg,test,394
405.jpg,test,405
407.jpg,test,407
408.jpg,test,408
410.jpg,test,410
432.jpg,test,432
438.jpg,test,438
440.jpg,test,440
447.jpg,test,447
451.jpg,test,451
457.jpg,test,457
46.jpg,test,46
464.jpg,test,464
469.jpg,test,469
473.jpg,test,473
476.jpg,test,476
479.jpg,test,479
48.jpg,test,48
501.jpg,test,501
505.jpg,test,505
51.jpg,test,51
511.jpg,test,511
521.jpg,test,521
54.jpg,test,54
541.jpg,test,541
546.jpg,test,546
551.jpg,test,551
563.jpg,test,563
566.jpg,test,566
569.jpg,test,569
57.jpg,test,57
570.jpg,test,570
574.jpg,test,574
580.jpg,test,580
591.jpg,test,591
597.jpg,test,597
598.jpg,test,598
600.jpg,test,600
61.jpg,test,61
610.jpg,test,610
623.jpg,test,623
633.jpg,test,633
642.jpg,test,642
643.jpg,test,643
65.jpg,test,65
650.jpg,test,650
655.jpg,test,655
658.jpg,test,658
663.jpg,test,663
67.jpg,test,67
671.jpg,test,671
677.jpg,test,677
686.jpg,test,686
689.jpg,test,689
696.jpg,test,696
699.jpg,test,699
701.jpg,test,701
704.jpg,test,704
71.jpg,test,71
718.jpg,test,718
721.jpg,test,721
73.jpg,test,73
735.jpg,test,735
746.jpg,test,746
762.jpg,test,762
764.jpg,test,764
773.jpg,test,773
775.jpg,test,775
778.jpg,test,778
786.jpg,test,786
791.jpg,test,791
794.jpg,test,794
81.jpg,test,81
811.jpg,test,811
824.jpg,test,824
841.jpg,test,841
849.jpg,test,849
854.jpg,test,854
859.jpg,test,859
863.jpg,test,863
864.jpg,test,864
865.jpg,test,865
875.jpg,test,875
88.jpg,test,88
881.jpg,test,881
882.jpg,test,882
887.jpg,test,887
897.jpg,test,897
905.jpg,test,905
906.jpg,test,906
912.jpg,test,912
919.jpg,test,919
93.jpg,test,93
935.jpg,test,935
936.jpg,test,936
940.jpg,test,940
947.jpg,test,947
959.jpg,test,959
971.jpg,test,971
999.jpg,test,999
1.jpg,train,1
10.jpg,train,10
1001.jpg,train,1001
1002.jpg,train,1002
1003.jpg,train,1003
1004.jpg,train,1004
1005.jpg,train,1005
1006.jpg,train,1006
1007.jpg,train,1007
1008.jpg,train,1008
1009.jpg,train,1009
101.jpg,train,101
1010.jpg,train,1010
1011.jpg,train,1011
1012.jpg,train,1012
1013.jpg,train,1013
1014.jpg,train,1014
1016.jpg,train,1016
1018.jpg,train,1018
1019.jpg,train,1019
102.jpg,train,102
1020.jpg,train,1020
1021.jpg,train,1021
1022.jpg,train,1022
1023.jpg,train,1023
1025.jpg,train,1025
1027.jpg,train,1027
1028.jpg,train,1028
1032.jpg,train,1032
1035.jpg,train,1035
1037.jpg,train,1037
1038.jpg,train,1038
1039.jpg,train,1039
104.jpg,train,104
1041.jpg,train,1041
1042.jpg,train,1042
1043.jpg,train,1043
1046.jpg,train,1046
1047.jpg,train,1047
1048.jpg,train,1048
1049.jpg,train,1049
105.jpg,train,105
1050.jpg,train,1050
1051.jpg,train,1051
1052.jpg,train,1052
1053.jpg,train,1053
1054.jpg,train,1054
1056.jpg,train,1056
1057.jpg,train,1057
106.jpg,train,106
1060.jpg,train,1060
1061.jpg,train,1061
1063.jpg,train,1063
1064.jpg,train,1064
107.jpg,train,107
109.jpg,train,109
110.jpg,train,110
113.jpg,train,113
115.jpg,train,115
116.jpg,train,116
118.jpg,train,118
119.jpg,train,119
12.jpg,train,12
120.jpg,train,120
121.jpg,train,121
122.jpg,train,122
124.jpg,train,124
125.jpg,train,125
126.jpg,train,126
127.jpg,train,127
129.jpg,train,129
130.jpg,train,130
132.jpg,train,132
133.jpg,train,133
134.jpg,train,134
136.jpg,train,136
137.jpg,train,137
138.jpg,train,138
139.jpg,train,139
14.jpg,train,14
140.jpg,train,140
144.jpg,train,144
145.jpg,train,145
147.jpg,train,147
148.jpg,train,148
149.jpg,train,149
15.jpg,train,15
150.jpg,train,150
151.jpg,train,151
152.jpg,train,152
153.jpg,train,153
154.jpg,train,154
155.jpg,train,155
157.jpg,train,157
158.jpg,train,158
159.jpg,train,159
16.jpg,train,16
160.jpg,train,160
162.jpg,train,162
164.jpg,train,164
168.jpg,train,168
17.jpg,train,17
170.jpg,train,170
171.jpg,train,171
172.jpg,train,172
173.jpg,train,173
174.jpg,train,174
176.jpg,train,176
177.jpg,train,177
179.jpg,train,179
18.jpg,train,18
180.jpg,train,180
181.jpg,train,181
183.jpg,train,183
184.jpg,train,184
185.jpg,train,185
186.jpg,train,186
188.jpg,train,188
190.jpg,train,190
192.jpg,train,192
193.jpg,train,193
195.jpg,train,195
197.jpg,train,197
199.jpg,train,199
2.jpg,train,2
20.jpg,train,20
200.jpg,train,200
201.jpg,train,201
202.jpg,train,202
204.jpg,train,204
206.jpg,train,206
207.jpg,train,207
208.jpg,train,208
210.jpg,train,210
211.jpg,train,211
212.jpg,train,212
213.jpg,train,213
215.jpg,train,215
218.jpg,train,218
22.jpg,train,22
220.jpg,train,220
221.jpg,train,221
222.jpg,train,222
223.jpg,train,223
226.jpg,train,226
227.jpg,train,227
229.jpg,train,229
23.jpg,train,23
231.jpg,train,231
232.jpg,train,232
236.jpg,train,236
237.jpg,train,237
239.jpg,train,239
24.jpg,train,24
240.jpg,train,240
241.jpg,train,241
242.jpg,train,242
244.jpg,train,244
247.jpg,train,247
249.jpg,train,249
25.jpg,train,25
251.jpg,train,251
256.jpg,train,256
258.jpg,train,258
259.jpg,train,259
26.jpg,train,26
260.jpg,train,260
261.jpg,train,261
262.jpg,train,262
263.jpg,train,263
264.jpg,train,264
265.jpg,train,265
266.jpg,train,266
267.jpg,train,267
268.jpg,train,268
27.jpg,train,27
270.jpg,train,270
272.jpg,train,272
275.jpg,train,275
277.jpg,train,277
278.jpg,train,278
279.jpg,train,279
28.jpg,train,28
280.jpg,train,280
281.jpg,train,281
282.jpg,train,282
283.jpg,train,283
286.jpg,train,286
287.jpg,train,287
288.jpg,train,288
289.jpg,train,289
29.jpg,train,29
290.jpg,train,290
291.jpg,train,291
292.jpg,train,292
293.jpg,train,293
294.jpg,train,294
295.jpg,train,295
297.jpg,train,297
298.jpg,train,298
299.jpg,train,299
30.jpg,train,30
301.jpg,train,301
302.jpg,train,302
303.jpg,train,303
304.jpg,train,304
306.jpg,train,306
307.jpg,train,307
308.jpg,train,308
309.jpg,train,309
31.jpg,train,31
310.jpg,train,310
311.jpg,train,311
312.jpg,train,312
313.jpg,train,313
315.jpg,train,315
316.jpg,train,316
317.jpg,train,317
320.jpg,train,320
321.jpg,train,321
324.jpg,train,324
325.jpg,train,325
327.jpg,train,327
328.jpg,train,328
329.jpg,train,329
33.jpg,train,33
330.jpg,train,330
333.jpg,train,333
334.jpg,train,334
335.jpg,train,335
336.jpg,train,336
337.jpg,train,337
339.jpg,train,339
34.jpg,train,34
340.jpg,train,340
341.jpg,train,341
342.jpg,train,342
343.jpg,train,343
344.jpg,train,344
345.jpg,train,345
349.jpg,train,349
35.jpg,train,35
350.jpg,train,350
351.jpg,train,351
352.jpg,train,352
353.jpg,train,353
354.jpg,train,354
355.jpg,train,355
356.jpg,train,356
357.jpg,train,357
358.jpg,train,358
359.jpg,train,359
36.jpg,train,36
360.jpg,train,360
361.jpg,train,361
364.jpg,train,364
365.jpg,train,365
366.jpg,train,366
367.jpg,train,367
368.jpg,train,368
369.jpg,train,369
37.jpg,train,37
372.jpg,train,372
374.jpg,train,374
375.jpg,train,375
376.jpg,train,376
377.jpg,train,377
378.jpg,train,378
38.jpg,train,38
380.jpg,train,380
381.jpg,train,381
383.jpg,train,383
384.jpg,train,384
385.jpg,train,385
386.jpg,train,386
387.jpg,train,387
39.jpg,train,39
391.jpg,train,391
392.jpg,train,392
393.jpg,train,393
395.jpg,train,395
396.jpg,train,396
397.jpg,train,397
398.jpg,train,398
399.jpg,train,399
4.jpg,train,4
40.jpg,train,40
400.jpg,train,400
401.jpg,train,401
402.jpg,train,402
403.jpg,train,403
404.jpg,train,404
406.jpg,train,406
409.jpg,train,409
41.jpg,train,41
411.jpg,train,411
413.jpg,train,413
414.jpg,train,414
415.jpg,train,415
417.jpg,train,417
418.jpg,train,418
419.jpg,train,419
42.jpg,train,42
421.jpg,train,421
422.jpg,train,422
423.jpg,train,423
424.jpg,train,424
425.jpg,train,425
426.jpg,train,426
427.jpg,train,427
428.jpg,train,428
429.jpg,train,429
43.jpg,train,43
430.jpg,train,430
431.jpg,train,431
434.jpg,train,434
435.jpg,train,435
436.jpg,train,436
437.jpg,train,437
439.jpg,train,439
44.jpg,train,44
442.jpg,train,442
443.jpg,train,443
444.jpg,train,444
446.jpg,train,446
449.jpg,train,449
45.jpg,train,45
450.jpg,train,450
452.jpg,train,452
454.jpg,train,454
455.jpg,train,455
456.jpg,train,456
458.jpg,train,458
460.jpg,train,460
461.jpg,train,461
463.jpg,train,463
465.jpg,train,465
466.jpg,train,466
467.jpg,train,467
468.jpg,train,468
47.jpg,train,47
470.jpg,train,470
471.jpg,train,471
472.jpg,train,472
474.jpg,train,474
475.jpg,train,475
477.jpg,train,477
480.jpg,train,480
481.jpg,train,481
482.jpg,train,482
483.jpg,train,483
485.jpg,train,485
487.jpg,train,487
488.jpg,train,488
489.jpg,train,489
49.jpg,train,49
490.jpg,train,490
491.jpg,train,491
492.jpg,train,492
493.jpg,train,493
494.jpg,train,494
495.jpg,train,495
496.jpg,train,496
498.jpg,train,498
499.jpg,train,499
5.jpg,train,5
50.jpg,train,50
502.jpg,train,502
503.jpg,train,503
504.jpg,train,504
506.jpg,train,506
507.jpg,train,507
508.jpg,train,508
509.jpg,train,509
510.jpg,train,510
513.jpg,train,513
514.jpg,train,514
515.jpg,train,515
516.jpg,train,516
517.jpg,train,517
518.jpg,train,518
52.jpg,train,52
520.jpg,train,520
522.jpg,train,522
523.jpg,train,523
524.jpg,train,524
525.jpg,train,525
527.jpg,train,527
528.jpg,train,528
53.jpg,train,53
530.jpg,train,530
531.jpg,train,531
532.jpg,train,532
533.jpg,train,533
534.jpg,train,534
535.jpg,train,535
536.jpg,train,536
537.jpg,train,537
538.jpg,train,538
539.jpg,train,539
542.jpg,train,542
544.jpg,train,544
547.jpg,train,547
548.jpg,train,548
550.jpg,train,550
553.jpg,train,553
554.jpg,train,554
555.jpg,train,555
556.jpg,train,556
557.jpg,train,557
558.jpg,train,558
559.jpg,train,559
56.jpg,train,56
560.jpg,train,560
561.jpg,train,561
564.jpg,train,564
565.jpg,train,565
568.jpg,train,568
571.jpg,train,571
572.jpg,train,572
573.jpg,train,573
575.jpg,train,575
576.jpg,train,576
577.jpg,train,577
578.jpg,train,578
579.jpg,train,579
58.jpg,train,58
581.jpg,train,581
582.jpg,train,582
583.jpg,train,583
585.jpg,train,585
586.jpg,train,586
587.jpg,train,587
588.jpg,train,588
589.jpg,train,589
592.jpg,train,592
593.jpg,train,593
594.jpg,train,594
595.jpg,train,595
596.jpg,train,596
599.jpg,train,599
6.jpg,train,6
601.jpg,train,601
603.jpg,train,603
604.jpg,train,604
605.jpg,train,605
606.jpg,train,606
607.jpg,train,607
608.jpg,train,608
609.jpg,train,609
611.jpg,train,611
612.jpg,train,612
614.jpg,train,614
615.jpg,train,615
616.jpg,train,616
617.jpg,train,617
618.jpg,train,618
619.jpg,train,619
620.jpg,train,620
622.jpg,train,622
624.jpg,train,624
625.jpg,train,625
626.jpg,train,626
627.jpg,train,627
628.jpg,train,628
629.jpg,train,629
63.jpg,train,63
630.jpg,train,630
631.jpg,train,631
632.jpg,train,632
634.jpg,train,634
635.jpg,train,635
636.jpg,train,636
637.jpg,train,637
638.jpg,train,638
639.jpg,train,639
64.jpg,train,64
641.jpg,train,641
644.jpg,train,644
645.jpg,train,645
647.jpg,train,647
648.jpg,train,648
649.jpg,train,649
651.jpg,train,651
652.jpg,train,652
653.jpg,train,653
657.jpg,train,657
659.jpg,train,659
66.jpg,train,66
660.jpg,train,660
662.jpg,train,662
664.jpg,train,664
666.jpg,train,666
667.jpg,train,667
668.jpg,train,668
670.jpg,train,670
672.jpg,train,672
673.jpg,train,673
676.jpg,train,676
678.jpg,train,678
679.jpg,train,679
68.jpg,train,68
680.jpg,train,680
681.jpg,train,681
682.jpg,train,682
683.jpg,train,683
684.jpg,train,684
688.jpg,train,688
690.jpg,train,690
691.jpg,train,691
692.jpg,train,692
693.jpg,train,693
694.jpg,train,694
695.jpg,train,695
697.jpg,train,697
700.jpg,train,700
702.jpg,train,702
703.jpg,train,703
705.jpg,train,705
707.jpg,train,707
708.jpg,train,708
709.jpg,train,709
710.jpg,train,710
711.jpg,train,711
712.jpg,train,712
713.jpg,train,713
714.jpg,train,714
715.jpg,train,715
716.jpg,train,716
717.jpg,train,717
719.jpg,train,719
720.jpg,train,720
722.jpg,train,722
723.jpg,train,723
725.jpg,train,725
726.jpg,train,726
727.jpg,train,727
728.jpg,train,728
729.jpg,train,729
731.jpg,train,731
732.jpg,train,732
733.jpg,train,733
734.jpg,train,734
737.jpg,train,737
74.jpg,train,74
741.jpg,train,741
742.jpg,train,742
743.jpg,train,743
744.jpg,train,744
748.jpg,train,748
75.jpg,train,75
750.jpg,train,750
751.jpg,train,751
752.jpg,train,752
753.jpg,train,753
754.jpg,train,754
755.jpg,train,755
756.jpg,train,756
757.jpg,train,757
758.jpg,train,758
759.jpg,train,759
76.jpg,train,76
760.jpg,train,760
761.jpg,train,761
763.jpg,train,763
766.jpg,train,766
767.jpg,train,767
769.jpg,train,769
770.jpg,train,770
771.jpg,train,771
772.jpg,train,772
774.jpg,train,774
776.jpg,train,776
777.jpg,train,777
78.jpg,train,78
781.jpg,train,781
782.jpg,train,782
785.jpg,train,785
788.jpg,train,788
789.jpg,train,789
79.jpg,train,79
790.jpg,train,790
793.jpg,train,793
795.jpg,train,795
796.jpg,train,796
798.jpg,train,798
799.jpg,train,799
8.jpg,train,8
800.jpg,train,800
801.jpg,train,801
802.jpg,train,802
804.jpg,train,804
805.jpg,train,805
806.jpg,train,806
807.jpg,train,807
808.jpg,train,808
810.jpg,train,810
812.jpg,train,812
813.jpg,train,813
814.jpg,train,814
815.jpg,train,815
816.jpg,train,816
817.jpg,train,817
818.jpg,train,818
819.jpg,train,819
82.jpg,train,82
820.jpg,train,820
821.jpg,train,821
822.jpg,train,822
823.jpg,train,823
825.jpg,train,825
827.jpg,train,827
828.jpg,train,828
83.jpg,train,83
830.jpg,train,830
832.jpg,train,832
833.jpg,train,833
834.jpg,train,834
836.jpg,train,836
837.jpg,train,837
838.jpg,train,838
839.jpg,train,839
84.jpg,train,84
840.jpg,train,840
842.jpg,train,842
843.jpg,train,843
844.jpg,train,844
845.jpg,train,845
847.jpg,train,847
848.jpg,train,848
85.jpg,train,85
850.jpg,train,850
852.jpg,train,852
853.jpg,train,853
855.jpg,train,855
856.jpg,train,856
857.jpg,train,857
858.jpg,train,858
86.jpg,train,86
860.jpg,train,860
862.jpg,train,862
867.jpg,train,867
868.jpg,train,868
870.jpg,train,870
871.jpg,train,871
872.jpg,train,872
873.jpg,train,873
874.jpg,train,874
876.jpg,train,876
877.jpg,train,877
878.jpg,train,878
880.jpg,train,880
883.jpg,train,883
884.jpg,train,884
885.jpg,train,885
886.jpg,train,886
888.jpg,train,888
889.jpg,train,889
89.jpg,train,89
890.jpg,train,890
892.jpg,train,892
893.jpg,train,893
894.jpg,train,894
895.jpg,train,895
896.jpg,train,896
898.jpg,train,898
899.jpg,train,899
9.jpg,train,9
90.jpg,train,90
900.jpg,train,900
901.jpg,train,901
902.jpg,train,902
904.jpg,train,904
907.jpg,train,907
908.jpg,train,908
909.jpg,train,909
91.jpg,train,91
910.jpg,train,910
915.jpg,train,915
916.jpg,train,916
917.jpg,train,917
92.jpg,train,92
921.jpg,train,921
923.jpg,train,923
924.jpg,train,924
925.jpg,train,925
926.jpg,train,926
927.jpg,train,927
928.jpg,train,928
930.jpg,train,930
931.jpg,train,931
932.jpg,train,932
933.jpg,train,933
934.jpg,train,934
937.jpg,train,937
938.jpg,train,938
939.jpg,train,939
94.jpg,train,94
942.jpg,train,942
943.jpg,train,943
944.jpg,train,944
945.jpg,train,945
946.jpg,train,946
948.jpg,train,948
949.jpg,train,949
95.jpg,train,95
950.jpg,train,950
951.jpg,train,951
952.jpg,train,952
957.jpg,train,957
958.jpg,train,958
960.jpg,train,960
961.jpg,train,961
963.jpg,train,963
965.jpg,train,965
966.jpg,train,966
967.jpg,train,967
968.jpg,train,968
969.jpg,train,969
97.jpg,train,97
970.jpg,train,970
972.jpg,train,972
973.jpg,train,973
974.jpg,train,974
975.jpg,train,975
976.jpg,train,976
977.jpg,train,977
979.jpg,train,979
98.jpg,train,98
980.jpg,train,980
982.jpg,train,982
983.jpg,train,983
984.jpg,train,984
986.jpg,train,986
987.jpg,train,987
988.jpg,train,988
989.jpg,train,989
990.jpg,train,990
992.jpg,train,992
993.jpg,train,993
994.jpg,train,994
995.jpg,train,995
996.jpg,train,996
997.jpg,train,997
998.jpg,train,998
0.jpg,val,0
100.jpg,val,100
1000.jpg,val,1000
1015.jpg,val,1015
1024.jpg,val,1024
1026.jpg,val,1026
1033.jpg,val,1033
1036.jpg,val,1036
1059.jpg,val,1059
1062.jpg,val,1062
108.jpg,val,108
11.jpg,val,11
111.jpg,val,111
114.jpg,val,114
117.jpg,val,117
123.jpg,val,123
128.jpg,val,128
131.jpg,val,131
135.jpg,val,135
143.jpg,val,143
165.jpg,val,165
169.jpg,val,169
182.jpg,val,182
187.jpg,val,187
19.jpg,val,19
194.jpg,val,194
203.jpg,val,203
205.jpg,val,205
21.jpg,val,21
219.jpg,val,219
225.jpg,val,225
230.jpg,val,230
235.jpg,val,235
243.jpg,val,243
245.jpg,val,245
246.jpg,val,246
248.jpg,val,248
253.jpg,val,253
254.jpg,val,254
3.jpg,val,3
300.jpg,val,300
305.jpg,val,305
314.jpg,val,314
319.jpg,val,319
331.jpg,val,331
338.jpg,val,338
346.jpg,val,346
347.jpg,val,347
348.jpg,val,348
362.jpg,val,362
371.jpg,val,371
382.jpg,val,382
412.jpg,val,412
416.jpg,val,416
420.jpg,val,420
433.jpg,val,433
441.jpg,val,441
445.jpg,val,445
448.jpg,val,448
453.jpg,val,453
459.jpg,val,459
462.jpg,val,462
478.jpg,val,478
484.jpg,val,484
486.jpg,val,486
497.jpg,val,497
500.jpg,val,500
512.jpg,val,512
519.jpg,val,519
526.jpg,val,526
529.jpg,val,529
540.jpg,val,540
543.jpg,val,543
545.jpg,val,545
549.jpg,val,549
55.jpg,val,55
552.jpg,val,552
562.jpg,val,562
567.jpg,val,567
584.jpg,val,584
59.jpg,val,59
590.jpg,val,590
60.jpg,val,60
602.jpg,val,602
613.jpg,val,613
62.jpg,val,62
621.jpg,val,621
640.jpg,val,640
646.jpg,val,646
654.jpg,val,654
656.jpg,val,656
661.jpg,val,661
665.jpg,val,665
669.jpg,val,669
674.jpg,val,674
675.jpg,val,675
685.jpg,val,685
687.jpg,val,687
69.jpg,val,69
698.jpg,val,698
7.jpg,val,7
70.jpg,val,70
706.jpg,val,706
72.jpg,val,72
724.jpg,val,724
730.jpg,val,730
736.jpg,val,736
738.jpg,val,738
739.jpg,val,739
740.jpg,val,740
745.jpg,val,745
747.jpg,val,747
749.jpg,val,749
765.jpg,val,765
768.jpg,val,768
77.jpg,val,77
779.jpg,val,779
780.jpg,val,780
783.jpg,val,783
784.jpg,val,784
787.jpg,val,787
792.jpg,val,792
797.jpg,val,797
80.jpg,val,80
803.jpg,val,803
809.jpg,val,809
826.jpg,val,826
829.jpg,val,829
831.jpg,val,831
835.jpg,val,835
846.jpg,val,846
851.jpg,val,851
861.jpg,val,861
866.jpg,val,866
869.jpg,val,869
87.jpg,val,87
879.jpg,val,879
891.jpg,val,891
903.jpg,val,903
911.jpg,val,911
913.jpg,val,913
914.jpg,val,914
918.jpg,val,918
920.jpg,val,920
922.jpg,val,922
929.jpg,val,929
941.jpg,val,941
953.jpg,val,953
954.jpg,val,954
955.jpg,val,955
956.jpg,val,956
96.jpg,val,96
962.jpg,val,962
964.jpg,val,964
978.jpg,val,978
981.jpg,val,981
985.jpg,val,985
99.jpg,val,99
991.jpg,val,991
